{
  "track": "T1",
  "delta_sf_macro_f1": 0.029445619256495973,
  "delta_cls_macro_f1": -0.5915726650696591,
  "stack_sf_macro_f1": 0.038536528347405063,
  "nostack_sf_macro_f1": 0.00909090909090909,
  "stack_per_clade_hat": {
    "0": {
      "n": 163,
      "recall": 0.0
    },
    "3": {
      "n": 7,
      "recall": 0.0
    },
    "4": {
      "n": 10,
      "recall": 0.0
    },
    "6": {
      "n": 9,
      "recall": 0.0
    },
    "7": {
      "n": 3,
      "recall": 0.0
    }
  },
  "nostack_per_clade_hat": {
    "0": {
      "n": 163,
      "recall": 0.0
    },
    "3": {
      "n": 7,
      "recall": 0.0
    },
    "4": {
      "n": 10,
      "recall": 0.0
    },
    "6": {
      "n": 9,
      "recall": 0.0
    },
    "7": {
      "n": 3,
      "recall": 0.0
    }
  }
}