{
  "LR": {
    "class_f1": 0.9400799163065926,
    "class_acc": 0.9395863865819899,
    "sf_f1": 0.6156788447773509,
    "sf_acc": 0.7935189708516528,
    "train_time_s": 30.87594723701477,
    "model_size_mb": 0.0
  },
  "RF": {
    "class_f1": 0.9251535254333415,
    "class_acc": 0.923790913531998,
    "sf_f1": 0.7724855870302144,
    "sf_acc": 0.8198990392444228,
    "train_time_s": 27.159882307052612,
    "model_size_mb": 0.0
  },
  "Standard CNN": {
    "class_f1": 0.9696542940643958,
    "class_acc": 0.9695489333984693,
    "sf_f1": 0.7243661535733144,
    "sf_acc": 0.7914020517830972,
    "train_time_s": 13688.017081022263,
    "model_size_mb": 0.424552,
    "n_params": 106138.0
  },
  "Dilated CNN": {
    "class_f1": 0.9864063459616464,
    "class_acc": 0.9863214460185638,
    "sf_f1": 0.6116383356923789,
    "sf_acc": 0.7142159257449927,
    "train_time_s": 9731.05582499504,
    "model_size_mb": 2.789992,
    "n_params": 697498.0
  },
  "v4.3 Hybrid (CNN+GNN)": {
    "class_f1": 0.9814467110909982,
    "class_acc": 0.9817619280247517,
    "sf_f1": 0.8389041040512575,
    "sf_acc": 0.8926884872170656,
    "train_time_s": 2400.0,
    "model_size_mb": 12.0
  }
}