{
  "aug": {
    "test_cls_macro_f1": 0.8319171461449942,
    "test_sf_macro_f1": 0.04127699100405899,
    "test_gate_mean": [
      0.19050371646881104,
      0.8094976544380188
    ],
    "epochs": 3,
    "subset_size": 5000
  },
  "noaug": {
    "test_cls_macro_f1": 0.8007728275850405,
    "test_sf_macro_f1": 0.05747126436781609,
    "test_gate_mean": [
      0.16625769436359406,
      0.8337417840957642
    ],
    "epochs": 3,
    "subset_size": 5000
  },
  "delta": {
    "sf_macro_f1": -0.016194273363757103,
    "cls_macro_f1": 0.0311443185599537
  }
}