{
  "track": "T2",
  "delta_sf_macro_f1": -0.06229586073737745,
  "delta_cls_macro_f1": -0.32909728426062296,
  "stack_sf_macro_f1": 0.008997429305912597,
  "nostack_sf_macro_f1": 0.07129329004329005,
  "stack_per_clade_hat": {
    "0": {
      "n": 163,
      "recall": 0.0
    },
    "3": {
      "n": 7,
      "recall": 0.0
    },
    "4": {
      "n": 10,
      "recall": 0.0
    },
    "6": {
      "n": 9,
      "recall": 0.0
    },
    "7": {
      "n": 3,
      "recall": 0.0
    }
  },
  "nostack_per_clade_hat": {
    "0": {
      "n": 163,
      "recall": 0.0
    },
    "3": {
      "n": 7,
      "recall": 0.0
    },
    "4": {
      "n": 10,
      "recall": 0.0
    },
    "6": {
      "n": 9,
      "recall": 0.0
    },
    "7": {
      "n": 3,
      "recall": 0.0
    }
  }
}